"o","h","l","c","v","a","date"
10.02,10.1,10.01,10.02,1511224,10.02,"2013-03-22"
10.01,10.05,10.01,10.04,103140,10.04,"2013-03-25"
10.03,10.0301,10.03,10.03,146200,10.03,"2013-03-26"
10.09,10.09,10.04,10.06,46445,10.06,"2013-03-27"
10.08,10.09,10.05,10.06,89675,10.06,"2013-03-28"
10.16,10.16,10.03,10.06,5557,10.06,"2013-04-01"
10.07,10.09,10.02,10.02,14489,10.02,"2013-04-02"
10.08,10.5,10.05,10.07,19490,10.07,"2013-04-03"
10.1,10.1,10.04,10.09,9113,10.09,"2013-04-04"
10.14,10.14,10.03,10.08,43056,10.08,"2013-04-05"
10.15,10.15,10.09,10.1,7650,10.1,"2013-04-08"
10.12,10.12,10.09,10.1,11126,10.1,"2013-04-09"
10.1,10.15,10.0501,10.13,11044,10.13,"2013-04-10"
10.13,10.13,10.08,10.13,12100,10.13,"2013-04-11"
10.13,10.13,10.07,10.13,7250,10.13,"2013-04-12"
10.14,10.14,10.0955,10.12,8900,10.12,"2013-04-15"
10.1,10.12,10.03,10.1,30575,10.1,"2013-04-16"
10.14,10.14,10.13,10.14,4000,10.14,"2013-04-17"
10.14,10.14,10.05,10.14,8100,10.14,"2013-04-18"
10.15,10.15,10.0501,10.14,10600,10.14,"2013-04-19"
10.15,10.15,10.14,10.15,4300,10.15,"2013-04-22"
10.12,10.14,10.06,10.14,42303,10.14,"2013-04-23"
10.1,10.14,10.06,10.14,21845,10.14,"2013-04-24"
10.1,10.14,10.1,10.14,11430,10.14,"2013-04-25"
10.14,10.14,10.1,10.1,7091,10.1,"2013-04-26"
10.15,10.19,10.11,10.14,44052,10.14,"2013-04-29"
10.15,10.17,10.12,10.14,128577,10.14,"2013-04-30"
10.18,10.19,10.13,10.18,43089,10.18,"2013-05-01"
10.09,10.16,10.09,10.09,1485,10.09,"2013-05-02"
10.19,10.2,10.09,10.12,2704,10.12,"2013-05-03"
10.16,10.17,10.1523,10.17,2178,10.17,"2013-05-06"
10.16,10.2,10.11,10.16,5892,10.16,"2013-05-07"
10.14,10.17,10.14,10.17,6678,10.17,"2013-05-08"
10.2,10.2,10.12,10.12,4021,10.12,"2013-05-09"
10.12,10.2,10.11,10.2,5400,10.2,"2013-05-10"
10.17,10.18,10.145,10.18,3518,10.18,"2013-05-13"
10.18,10.18,10.18,10.18,2005,10.18,"2013-05-14"
10.18,10.18,10.1232,10.18,3947,10.18,"2013-05-15"
10.2,10.2,10.19,10.2,2816,10.2,"2013-05-16"
10.2,10.21,10.05,10.2,9288,10.2,"2013-05-17"
10.17,10.2,10.13,10.13,4560,10.13,"2013-05-20"
10.2,10.2,10.1,10.19,18915,10.19,"2013-05-21"
10.18,10.21,10.179,10.21,23980,10.21,"2013-05-22"
10.11,10.11,10.11,10.11,332,10.11,"2013-05-23"
10.19,10.21,10.0711,10.18,14721,10.18,"2013-05-24"
10.18,10.18,10.12,10.12,5081,10.12,"2013-05-28"
10.18,10.18,10.1649,10.18,4394,10.18,"2013-05-29"
10.18,10.18,10.12,10.12,865,10.12,"2013-05-30"
10.18,10.18,10.17,10.18,6260,10.18,"2013-05-31"
10.13,10.2,10.1,10.16,29167,10.16,"2013-06-03"
10.16,10.18,10.16,10.16,4020,10.16,"2013-06-04"
10.19,10.2,10.1772,10.19,5235,10.19,"2013-06-05"
10.15,10.2,10.1469,10.16,1755,10.16,"2013-06-06"
10.14,10.19,10.14,10.19,2350,10.19,"2013-06-07"
10.19,10.24,10.19,10.24,20646,10.24,"2013-06-10"
10.2,10.2,10.15,10.19,3398,10.19,"2013-06-11"
10.19,10.2,10.15,10.2,3771,10.2,"2013-06-12"
10.15,10.2,10.15,10.15,1142,10.15,"2013-06-13"
10.2,10.2,10.15,10.2,11832,10.2,"2013-06-14"
10.22,10.22,10.17,10.17,4149,10.17,"2013-06-17"
10.2,10.22,10.15,10.22,43388,10.22,"2013-06-18"
10.15,10.2,10.14,10.16,4485,10.16,"2013-06-19"
10.12,10.2,10.1,10.12,6532,10.12,"2013-06-20"
10.12,10.2,10.11,10.11,56106,10.11,"2013-06-21"
10.12,10.22,10.12,10.12,10354,10.12,"2013-06-24"
10.12,10.12,10.12,10.12,100,10.12,"2013-06-25"
10.19,10.22,10.13,10.13,16218,10.13,"2013-06-26"
10.13,10.1612,10.05,10.05,8106,10.05,"2013-06-27"
10.13,10.13,10.11,10.11,173201,10.11,"2013-06-28"
10.13,10.15,10.11,10.11,3180,10.11,"2013-07-01"
10.17,10.1844,10.14,10.16,33988,10.16,"2013-07-02"
10.1,10.19,10.1,10.19,1223,10.19,"2013-07-03"
10.13,10.2,10.13,10.13,538,10.13,"2013-07-05"
10.2,10.2,10.15,10.15,3122,10.15,"2013-07-08"
10.11,10.19,10.11,10.19,992,10.19,"2013-07-09"
10.12,10.16,10.12,10.16,10929,10.16,"2013-07-10"
10.13,10.15,10.13,10.15,238,10.15,"2013-07-11"
10.17,10.18,10.1642,10.17,674,10.17,"2013-07-12"
10.12,10.1501,10.12,10.15,1165,10.15,"2013-07-15"
10.15,10.2,10.12,10.14,733,10.14,"2013-07-16"
10.12,10.16,10.12,10.16,400,10.16,"2013-07-17"
10.16,10.17,10.13,10.16,5259,10.16,"2013-07-18"
10.19,10.21,10.1,10.21,125646,10.21,"2013-07-19"
10.11,10.21,10.1,10.21,16358,10.21,"2013-07-22"
10.2,10.2,10.1,10.17,4419,10.17,"2013-07-23"
10.13,10.21,10.1,10.21,2442,10.21,"2013-07-24"
10.13,10.1873,10.1,10.11,700,10.11,"2013-07-25"
10.1,10.19,10.1,10.19,3238,10.19,"2013-07-26"
10.1,10.18,10.1,10.18,51450,10.18,"2013-07-29"
10.09,10.11,10.09,10.09,469694,10.09,"2013-07-30"
10.16,10.17,10.1,10.15,3628,10.15,"2013-07-31"
10.12,10.16,10.12,10.16,13092,10.16,"2013-08-01"
10.12,10.15,10.12,10.15,644,10.15,"2013-08-02"
10.1,10.15,10.1,10.15,200,10.15,"2013-08-05"
10.13,10.15,10.13,10.15,2492,10.15,"2013-08-06"
10.1,10.1404,10.1,10.1,691,10.1,"2013-08-07"
10.15,10.16,10.11,10.11,1843,10.11,"2013-08-08"
10.19,10.19,10.13,10.13,6745,10.13,"2013-08-09"
10.19,10.19,10.12,10.12,1100,10.12,"2013-08-12"
10.12,10.1699,10.12,10.12,731,10.12,"2013-08-13"
10.12,10.2,10.12,10.19,6325,10.19,"2013-08-14"
10.12,10.19,10.12,10.12,2017,10.12,"2013-08-15"
10.12,10.12,10.12,10.12,0,10.12,"2013-08-16"
10.12,10.19,10.12,10.19,11187,10.19,"2013-08-19"
10.19,10.19,10.19,10.19,0,10.19,"2013-08-20"
10.16,10.16,10.16,10.16,100,10.16,"2013-08-21"
10.14,10.14,10.14,10.14,202,10.14,"2013-08-22"
10.176,10.176,10.16,10.16,400,10.16,"2013-08-23"
10.15,10.19,10.1499,10.16,19542,10.16,"2013-08-26"
10.15,10.15,10.14,10.14,2589,10.14,"2013-08-27"
10.15,10.1625,10.14,10.15,1010,10.15,"2013-08-28"
10.14,10.15,10.14,10.14,21792,10.14,"2013-08-29"
10.15,10.1501,10.1456,10.1456,4432,10.1456,"2013-08-30"
10.2,10.2,10.1728,10.19,1060,10.19,"2013-09-03"
10.14,10.155,10.14,10.14,17925,10.14,"2013-09-04"
10.14,10.2,10.14,10.14,4347,10.14,"2013-09-05"
10.1688,10.18,10.1688,10.18,439,10.18,"2013-09-06"
10.165,10.165,10.165,10.165,957,10.165,"2013-09-09"
10.17,10.17,10.17,10.17,300,10.17,"2013-09-10"
10.17,10.17,10.1401,10.17,1200,10.17,"2013-09-11"
10.15,10.15,10.15,10.15,4728,10.15,"2013-09-12"
10.1503,10.1503,10.1503,10.1503,443,10.1503,"2013-09-13"
10.19,10.19,10.1385,10.1499,1253,10.1499,"2013-09-16"
10.18,10.18,10.18,10.18,200,10.18,"2013-09-17"
10.17,10.17,10.17,10.17,200,10.17,"2013-09-18"
10.15,10.15,10.15,10.15,800,10.15,"2013-09-19"
10.15,10.15,10.15,10.15,0,10.15,"2013-09-20"
10.17,10.17,10.17,10.17,29,10.17,"2013-09-23"
10.19,10.19,10.19,10.19,29,10.19,"2013-09-24"
10.18,10.18,10.18,10.18,22,10.18,"2013-09-25"
10.18,10.19,10.17,10.18,400,10.18,"2013-09-26"
10.18,10.18,10.18,10.18,449,10.18,"2013-09-27"
10.12,10.12,10.12,10.12,1500,10.12,"2013-09-30"
10.17,10.18,10.1596,10.18,1726,10.18,"2013-10-01"
10.14,10.19,10.15,10.19,1425,10.19,"2013-10-02"
10.19,10.18,10.18,10.18,300,10.18,"2013-10-03"
10.18,10.18,10.18,10.18,0,10.18,"2013-10-04"
10.18,10.18,10.18,10.18,0,10.18,"2013-10-07"
10.18,10.19,10.15,10.18,700,10.18,"2013-10-08"
10.18,10.18,10.18,10.18,0,10.18,"2013-10-09"
10.18,10.18,10.18,10.18,0,10.18,"2013-10-10"
10.161,10.161,10.161,10.161,474,10.161,"2013-10-11"
10.18,10.18,10.16,10.16,16924,10.16,"2013-10-14"
10.14,10.14,10.14,10.14,100,10.14,"2013-10-15"
10.15,10.1643,10.14,10.15,3729,10.15,"2013-10-16"
10.17,10.18,10.17,10.179,1400,10.179,"2013-10-17"
10.17,10.175,10.16,10.1742,13649,10.1742,"2013-10-18"
10.1742,10.1742,10.1742,10.1742,0,10.1742,"2013-10-21"
10.1742,10.1742,10.1742,10.1742,0,10.1742,"2013-10-22"
10.19,10.2,10.18,10.18,68869,10.18,"2013-10-23"
10.19,10.19,10.18,10.18,33974,10.18,"2013-10-24"
10.19,10.19,10.1859,10.1859,744,10.1859,"2013-10-25"
10.1859,10.1859,10.1859,10.1859,0,10.1859,"2013-10-28"
10.19,10.19,10.1899,10.19,6380,10.19,"2013-10-29"
10.1918,10.1918,10.1918,10.1918,599,10.1918,"2013-10-30"
10.18,10.1801,10.18,10.18,32019,10.18,"2013-10-31"
10.18,10.18,10.18,10.18,61340,10.18,"2013-11-01"
10.19,10.19,10.18,10.18,6000,10.18,"2013-11-04"
10.18,10.18,10.18,10.18,0,10.18,"2013-11-05"
10.18,10.18,10.18,10.18,0,10.18,"2013-11-06"
10.18,10.18,10.18,10.18,0,10.18,"2013-11-07"
10.18,10.18,10.18,10.18,0,10.18,"2013-11-08"
10.207,10.23,10.207,10.23,403,10.23,"2013-11-11"
10.23,10.23,10.23,10.23,0,10.23,"2013-11-12"
10.23,10.23,10.23,10.23,0,10.23,"2013-11-13"
10.23,10.23,10.23,10.23,100,10.23,"2013-11-14"
10.197,10.197,10.197,10.197,439,10.197,"2013-11-15"
10.2025,10.2025,10.2025,10.2025,154,10.2025,"2013-11-18"
10.2025,10.2025,10.2025,10.2025,0,10.2025,"2013-11-19"
10.18,10.19,10.17,10.17,157400,10.17,"2013-11-20"
10.212,10.212,10.207,10.207,884,10.207,"2013-11-21"
10.1835,10.23,10.18,10.23,1176,10.23,"2013-11-22"
10.226,10.23,10.2025,10.23,2900,10.23,"2013-11-25"
10.2,10.207,10.19,10.19,20839,10.19,"2013-11-26"
10.19,10.19,10.19,10.19,0,10.19,"2013-11-27"
10.19,10.19,10.19,10.19,0,10.19,"2013-11-29"
10.23,10.23,10.23,10.23,100,10.23,"2013-12-02"
10.23,10.23,10.23,10.23,0,10.23,"2013-12-03"
10.23,10.23,10.23,10.23,0,10.23,"2013-12-04"
10.23,10.24,10.229,10.23,5896,10.23,"2013-12-05"
10.18,10.23,10.17,10.17,111411,10.17,"2013-12-06"
10.18,10.18,10.17,10.17,22971,10.17,"2013-12-09"
10.17,10.17,10.17,10.17,0,10.17,"2013-12-10"
10.17,10.17,10.17,10.17,0,10.17,"2013-12-11"
10.22,10.23,10.2018,10.23,3431,10.23,"2013-12-12"
10.23,10.23,10.23,10.23,0,10.23,"2013-12-13"
10.2,10.2,10.2,10.2,552,10.2,"2013-12-16"
10.18,10.18,10.18,10.18,297200,10.18,"2013-12-17"
10.18,10.18,10.18,10.18,560,10.18,"2013-12-18"
10.18,10.18,10.176,10.176,813,10.176,"2013-12-19"
10.18,10.18,10.18,10.18,100,10.18,"2013-12-20"
10.18,10.185,10.1601,10.185,21074,10.185,"2013-12-23"
10.185,10.185,10.185,10.185,0,10.185,"2013-12-24"
10.1651,10.1651,10.1651,10.1651,441,10.1651,"2013-12-26"
10.2003,10.23,10.18,10.18,513,10.18,"2013-12-27"
10.18,10.18,10.18,10.18,0,10.18,"2013-12-30"
10.18,10.18,10.18,10.18,301,10.18,"2013-12-31"
10.1701,10.1701,10.1701,10.1701,1150,10.1701,"2014-01-02"
10.17,10.18,10.17,10.18,2000,10.18,"2014-01-03"
10.18,10.18,10.17,10.17,739,10.17,"2014-01-06"
10.17,10.17,10.17,10.17,0,10.17,"2014-01-07"
10.18,10.2,10.18,10.2,72574,10.2,"2014-01-08"
10.1802,10.1802,10.18,10.18,1501,10.18,"2014-01-09"
10.18,10.18,10.18,10.18,0,10.18,"2014-01-10"
10.22,10.22,10.2033,10.2033,540,10.2033,"2014-01-13"
10.19,10.23,10.18,10.23,13328,10.23,"2014-01-14"
10.23,10.23,10.23,10.23,0,10.23,"2014-01-15"
10.19,10.23,10.19,10.23,624,10.23,"2014-01-16"
10.1701,10.1701,10.1701,10.1701,100,10.1701,"2014-01-17"
10.18,10.24,10.17,10.2138,108655,10.2138,"2014-01-21"
10.2,10.22,10.18,10.19,99700,10.19,"2014-01-22"
10.23,10.23,10.17,10.21,101700,10.21,"2014-01-23"
10.22,10.24,10.2,10.23,37500,10.23,"2014-01-24"
10.18,10.23,10.18,10.18,17603,10.18,"2014-01-27"
10.18,10.22,10.18,10.19,2362,10.19,"2014-01-28"
10.19,10.19,10.19,10.19,107,10.19,"2014-01-29"
10.19,10.19,10.19,10.19,0,10.19,"2014-01-30"
10.22,10.24,10.18,10.21,55850,10.21,"2014-01-31"
10.24,10.24,10.2,10.23,70300,10.23,"2014-02-03"
10.21,10.22,10.2,10.21,12510,10.21,"2014-02-04"
10.2,10.22,10.2,10.21,1800,10.21,"2014-02-05"
10.21,10.22,10.21,10.21,593,10.21,"2014-02-06"
10.22,10.22,10.1901,10.1901,1367,10.1901,"2014-02-07"
10.18,10.23,10.18,10.22,116833,10.22,"2014-02-10"
10.22,10.22,10.22,10.22,0,10.22,"2014-02-11"
10.23,10.23,10.23,10.23,1197,10.23,"2014-02-12"
10.25,10.25,10.18,10.18,5646,10.18,"2014-02-13"
10.22,10.225,10.2,10.22,1863,10.22,"2014-02-14"
10.18,10.242,10.18,10.21,13012,10.21,"2014-02-18"
10.23,10.23,10.23,10.23,733,10.23,"2014-02-19"
10.22,10.22,10.19,10.2,69671,10.2,"2014-02-20"
10.19,10.1949,10.19,10.1949,369,10.1949,"2014-02-21"
10.191,10.204,10.19,10.204,888584,10.204,"2014-02-24"
10.204,10.204,10.204,10.204,0,10.204,"2014-02-25"
10.2156,10.22,10.2156,10.22,850,10.22,"2014-02-26"
10.2,10.24,10.2,10.24,3473,10.24,"2014-02-27"
10.23,10.24,10.23,10.24,2724,10.24,"2014-02-28"
10.24,10.24,10.24,10.24,0,10.24,"2014-03-03"
10.25,10.25,10.2,10.24,10995,10.24,"2014-03-04"
10.25,10.34,10.2314,10.25,15666,10.25,"2014-03-05"
10.25,10.25,10.25,10.25,0,10.25,"2014-03-06"
10.2,10.26,10.19,10.26,76144,10.26,"2014-03-07"
10.26,10.26,10.21,10.24,32270,10.24,"2014-03-10"
10.24,10.24,10.21,10.23,2606,10.23,"2014-03-11"
10.23,10.23,10.23,10.23,0,10.23,"2014-03-12"
10.2315,10.2315,10.2315,10.2315,433,10.2315,"2014-03-13"
10.22,10.24,10.22,10.24,353,10.24,"2014-03-14"
10.22,10.26,10.22,10.22,21500,10.22,"2014-03-17"
10.22,10.24,10.21,10.24,1500,10.24,"2014-03-18"
10.24,10.24,10.24,10.24,40,10.24,"2014-03-19"
10.21,10.21,10.21,10.21,100,10.21,"2014-03-20"
10.22,10.2501,10.22,10.25,9300,10.25,"2014-03-21"
10.24,10.26,10.22,10.26,5696,10.26,"2014-03-24"
10.2,10.2,10.2,10.2,5,10.2,"2014-03-25"
10.26,10.26,10.26,10.26,100,10.26,"2014-03-26"
10.25,10.26,10.25,10.25,2874,10.25,"2014-03-27"
10.26,10.26,10.26,10.26,100,10.26,"2014-03-28"
10.26,10.26,10.26,10.26,4164,10.26,"2014-03-31"
10.26,10.26,10.26,10.26,273,10.26,"2014-04-01"
10.26,10.26,10.25,10.25,965,10.25,"2014-04-02"
10.25,10.25,10.25,10.25,100,10.25,"2014-04-03"
10.26,10.26,10.23,10.26,400,10.26,"2014-04-04"
10.26,10.26,10.26,10.26,289,10.26,"2014-04-07"
10.26,10.26,10.26,10.26,100,10.26,"2014-04-08"
10.26,10.26,10.26,10.26,100,10.26,"2014-04-09"
10.25,10.26,10.25,10.25,4300,10.25,"2014-04-10"
10.25,10.25,10.25,10.25,0,10.25,"2014-04-11"
10.25,10.25,10.25,10.25,100,10.25,"2014-04-14"
10.25,10.25,10.25,10.25,100,10.25,"2014-04-15"
10.25,10.26,10.22,10.25,2816,10.25,"2014-04-16"
10.22,10.27,10.21,10.26,2999,10.26,"2014-04-17"
10.49,10.49,10.28,10.29,5400,10.29,"2014-04-21"
10.29,10.39,10.274,10.39,35378,10.39,"2014-04-22"
10.29,10.3,10.24,10.3,13333,10.3,"2014-04-23"
10.24,10.3,10.24,10.3,8801,10.3,"2014-04-24"
10.3,10.3,10.3,10.3,0,10.3,"2014-04-25"
10.29,10.29,10.29,10.29,100,10.29,"2014-04-28"
10.29,10.3,10.22,10.29,5164,10.29,"2014-04-29"
10.23,10.24,10.21,10.24,271623,10.24,"2014-04-30"
10.27,10.27,10.24,10.24,2490,10.24,"2014-05-01"
10.26,10.32,10.25,10.29,35800,10.29,"2014-05-02"
10.24,10.29,10.24,10.28,3650,10.28,"2014-05-05"
10.31,10.34,10.27,10.31,37800,10.31,"2014-05-06"
10.31,10.34,10.27,10.33,104369,10.33,"2014-05-07"
10.27,10.4,10.27,10.4,67823,10.4,"2014-05-08"
10.37,10.4,10.2705,10.31,126122,10.31,"2014-05-09"
10.29,10.35,10.25,10.32,65750,10.32,"2014-05-12"
10.31,10.34,10.275,10.33,13000,10.33,"2014-05-13"
10.33,10.33,10.33,10.33,0,10.33,"2014-05-14"
10.86,10.86,10.255,10.38,61475,10.38,"2014-05-15"
10.38,10.38,10.3,10.32,1190,10.32,"2014-05-16"
10.33,10.33,10.27,10.33,1300,10.33,"2014-05-19"
10.29,10.43,10.285,10.42,7034,10.42,"2014-05-20"
10.3,10.42,10.3,10.36,11935,10.36,"2014-05-21"
10.37,10.38,10.3401,10.37,300,10.37,"2014-05-22"
10.37,10.37,10.37,10.37,0,10.37,"2014-05-23"
10.33,10.36,10.33,10.36,3800,10.36,"2014-05-27"
10.37,10.38,10.341,10.37,500,10.37,"2014-05-28"
10.36,10.36,10.36,10.36,100,10.36,"2014-05-29"
10.29,10.47,10.28,10.47,2100,10.47,"2014-05-30"
10.49,10.49,10.48,10.48,775,10.48,"2014-06-02"
10.39,10.39,10.39,10.39,100,10.39,"2014-06-03"
10.3,10.49,10.295,10.49,48815,10.49,"2014-06-04"
10.45,10.48,10.25,10.48,47922,10.48,"2014-06-05"
10.45,10.48,10.37,10.44,38369,10.44,"2014-06-06"
10.39,10.45,10.385,10.4,11508,10.4,"2014-06-09"
10.38,10.44,10.36,10.39,10152,10.39,"2014-06-10"
10.37,10.37,10.37,10.37,2200,10.37,"2014-06-11"
10.37,10.43,10.34,10.34,33425,10.34,"2014-06-12"
10.38,10.38,10.35,10.35,609,10.35,"2014-06-13"
10.33,10.39,10.33,10.35,28204,10.35,"2014-06-16"
10.33,10.4,10.33,10.355,18702,10.355,"2014-06-17"
10.33,10.36,10.33,10.34,2900,10.34,"2014-06-18"
10.35,10.35,10.24,10.3,181594,10.3,"2014-06-19"
10.3,10.3,10.28,10.28,101600,10.28,"2014-06-20"
10.3,10.3,10.3,10.3,35314,10.3,"2014-06-23"
10.32,10.33,10.3,10.3,4702,10.3,"2014-06-24"
10.3,10.3,10.3,10.3,2200,10.3,"2014-06-25"
10.3,10.3,10.3,10.3,100,10.3,"2014-06-26"
10.32,10.32,10.32,10.32,101,10.32,"2014-06-27"
10.31,10.34,10.3,10.3,2800,10.3,"2014-06-30"
10.3,10.3,10.3,10.3,2500,10.3,"2014-07-01"
10.31,10.31,10.3,10.3,25700,10.3,"2014-07-02"
10.3,10.3,10.3,10.3,1000,10.3,"2014-07-03"
10.3,10.3,10.3,10.3,695,10.3,"2014-07-07"
10.3,10.34,10.3,10.31,38900,10.31,"2014-07-08"
10.3,10.33,10.3,10.3,27320,10.3,"2014-07-09"
10.32,10.34,10.29,10.32,17200,10.32,"2014-07-10"
10.31,10.32,10.29,10.32,16500,10.32,"2014-07-11"
10.32,10.32,10.28,10.29,30200,10.29,"2014-07-14"
10.29,10.34,10.29,10.29,46119,10.29,"2014-07-15"
10.33,10.34,10.29,10.3,35900,10.3,"2014-07-16"
10.28,10.34,10.28,10.32,9800,10.32,"2014-07-17"
10.3,10.34,10.29,10.31,102200,10.31,"2014-07-18"
10.3,10.33,10.29,10.3,14400,10.3,"2014-07-21"
10.3,10.33,10.3,10.313,22000,10.313,"2014-07-22"
10.3,10.34,10.29,10.34,12600,10.34,"2014-07-23"
10.31,10.35,10.31,10.31,92102,10.31,"2014-07-24"
10.3,10.35,10.3,10.31,165700,10.31,"2014-07-25"
10.28,10.34,10.28,10.33,67900,10.33,"2014-07-28"
10.3,10.34,10.29,10.3,48600,10.3,"2014-07-29"
10.31,10.34,10.31,10.33,15200,10.33,"2014-07-30"
10.31,10.31,10.3,10.31,800,10.31,"2014-07-31"
10.31,10.35,10.29,10.3,8400,10.3,"2014-08-01"
10.3,10.31,10.2999,10.31,2700,10.31,"2014-08-04"
10.31,10.34,10.3,10.31,5300,10.31,"2014-08-05"
10.32,10.34,10.29,10.3,6600,10.3,"2014-08-06"
10.3,10.3,10.3,10.3,0,10.3,"2014-08-07"
10.3,10.3,10.3,10.3,0,10.3,"2014-08-08"
10.32,10.33,10.28,10.31,9901,10.31,"2014-08-11"
10.31,10.31,10.31,10.31,0,10.31,"2014-08-12"
10.28,10.35,10.28,10.31,21193,10.31,"2014-08-13"
10.31,10.33,10.31,10.32,1200,10.32,"2014-08-14"
10.32,10.32,10.32,10.32,0,10.32,"2014-08-15"
10.3,10.3,10.29,10.3,991,10.3,"2014-08-18"
10.29,10.33,10.29,10.31,6803,10.31,"2014-08-19"
10.3,10.3,10.3,10.3,200,10.3,"2014-08-20"
10.26,10.31,10.26,10.29,2300,10.29,"2014-08-21"
10.29,10.33,10.28,10.3,6400,10.3,"2014-08-22"
10.3,10.34,10.3,10.32,1902,10.32,"2014-08-25"
10.29,10.3001,10.28,10.28,1300,10.28,"2014-08-26"
10.3,10.33,10.28,10.29,601,10.29,"2014-08-27"
10.29,10.29,10.29,10.29,102,10.29,"2014-08-28"
10.29,10.29,10.29,10.29,100,10.29,"2014-08-29"
10.29,10.29,10.29,10.29,100,10.29,"2014-09-02"
10.32,10.32,10.32,10.32,100,10.32,"2014-09-03"
10.32,10.32,10.32,10.32,0,10.32,"2014-09-04"
10.31,10.32,10.31,10.31,300,10.31,"2014-09-05"
10.32,10.33,10.31,10.31,500,10.31,"2014-09-08"
10.31,10.31,10.31,10.31,0,10.31,"2014-09-09"
10.31,10.31,10.31,10.31,100,10.31,"2014-09-10"
10.35,10.35,10.32,10.32,325,10.32,"2014-09-11"
10.32,10.32,10.31,10.32,1275,10.32,"2014-09-12"
10.35,10.35,10.32,10.32,9200,10.32,"2014-09-15"
10.3499,10.35,10.32,10.32,1884,10.32,"2014-09-16"
10.35,10.4,10.3332,10.36,42854,10.36,"2014-09-17"
10.3701,10.49,10.35,10.35,8475,10.35,"2014-09-18"
10.38,10.38,10.335,10.36,110550,10.36,"2014-09-19"
10.37,10.4,10.36,10.37,79105,10.37,"2014-09-22"
10.33,10.36,10.33,10.36,202,10.36,"2014-09-23"
10.39,10.4,10.37,10.37,7769,10.37,"2014-09-24"
10.3501,10.41,10.35,10.36,164820,10.36,"2014-09-25"
10.42,10.45,10.39,10.44,5200,10.44,"2014-09-26"
10.44,10.44,10.44,10.44,0,10.44,"2014-09-29"
10.4,10.4,10.4,10.4,5000,10.4,"2014-09-30"
10.4,10.4,10.4,10.4,0,10.4,"2014-10-01"
10.4,10.4,10.4,10.4,0,10.4,"2014-10-02"
10.4,10.4,10.4,10.4,0,10.4,"2014-10-03"
10.35,10.351,10.34,10.35,63300,10.35,"2014-10-06"
10.34,10.34,10.34,10.34,100,10.34,"2014-10-07"
10.34,10.34,10.34,10.34,0,10.34,"2014-10-08"
10.34,10.34,10.34,10.34,0,10.34,"2014-10-09"
10.34,10.34,10.34,10.34,0,10.34,"2014-10-10"
10.33,10.33,10.33,10.33,255100,10.33,"2014-10-13"
10.37,10.37,10.3505,10.3505,500,10.3505,"2014-10-14"
10.3899,10.4,10.33,10.3648,503700,10.3648,"2014-10-15"
10.3648,10.3648,10.3648,10.3648,0,10.3648,"2014-10-16"
10.3648,10.3648,10.3648,10.3648,0,10.3648,"2014-10-17"
10.34,10.36,10.33,10.34,32342,10.34,"2014-10-20"
10.33,10.33,10.33,10.33,100,10.33,"2014-10-21"
10.33,10.33,10.33,10.33,0,10.33,"2014-10-22"
10.38,10.39,10.37,10.39,2600,10.39,"2014-10-23"
10.39,10.39,10.39,10.39,200,10.39,"2014-10-24"
10.39,10.39,10.39,10.39,0,10.39,"2014-10-27"
10.39,10.39,10.39,10.39,0,10.39,"2014-10-28"
10.3499,10.35,10.3499,10.35,10000,10.35,"2014-10-29"
10.35,10.35,10.2,10.2,9386,10.2,"2014-10-30"
10.32,10.32,10.32,10.32,500,10.32,"2014-10-31"
10.32,10.32,10.32,10.32,0,10.32,"2014-11-03"
10.32,10.32,10.32,10.32,0,10.32,"2014-11-04"
10.32,10.32,10.32,10.32,0,10.32,"2014-11-05"
10.32,10.32,10.32,10.32,0,10.32,"2014-11-06"
10.32,10.32,10.32,10.32,0,10.32,"2014-11-07"
10.3501,10.38,10.3501,10.38,2200,10.38,"2014-11-10"
10.38,10.38,10.38,10.38,1500,10.38,"2014-11-11"
10.34,10.34,10.29,10.29,11520,10.29,"2014-11-12"
10.29,10.29,10.29,10.29,0,10.29,"2014-11-13"
10.38,10.42,10.37,10.42,22400,10.42,"2014-11-14"
10.43,10.44,10.43,10.44,100400,10.44,"2014-11-17"
10.45,10.47,10.42,10.43,152285,10.43,"2014-11-18"
10.4387,10.45,10.4387,10.44,16650,10.44,"2014-11-19"
10.45,10.45,10.449,10.45,47448,10.45,"2014-11-20"
10.4599,10.49,10.4,10.45,33294,10.45,"2014-11-21"
10.5,10.5,10.44,10.44,5800,10.44,"2014-11-24"
10.48,10.4803,10.48,10.48,31500,10.48,"2014-11-25"
10.48,10.48,10.48,10.48,0,10.48,"2014-11-26"
10.48,10.48,10.48,10.48,0,10.48,"2014-11-28"
10.46,10.5,10.46,10.47,84400,10.47,"2014-12-01"
10.48,10.48,10.48,10.48,74200,10.48,"2014-12-02"
10.4736,10.4736,10.4736,10.4736,100,10.4736,"2014-12-03"
10.4736,10.4736,10.4736,10.4736,0,10.4736,"2014-12-04"
10.47,10.4736,10.453,10.453,300,10.453,"2014-12-05"
10.48,10.48,10.45,10.45,9300,10.45,"2014-12-08"
10.45,10.45,10.45,10.45,0,10.45,"2014-12-09"
10.45,10.45,10.45,10.45,0,10.45,"2014-12-10"
10.43,10.43,10.43,10.43,1000,10.43,"2014-12-11"
10.4,10.4,10.4,10.4,2000,10.4,"2014-12-12"
10.4699,10.4699,10.39,10.4052,8400,10.4052,"2014-12-15"
10.4052,10.4052,10.4052,10.4052,0,10.4052,"2014-12-16"
10.42,10.42,10.4,10.42,20700,10.42,"2014-12-17"
10.4,10.4,10.34,10.34,6400,10.34,"2014-12-18"
10.42,10.43,10.4,10.4,142510,10.4,"2014-12-19"
10.42,10.42,10.42,10.42,78400,10.42,"2014-12-22"
10.4,10.46,10.39,10.39,6000,10.39,"2014-12-23"
10.39,10.39,10.39,10.39,0,10.39,"2014-12-24"
10.49,10.49,10.4,10.4,500,10.4,"2014-12-26"
10.4,10.4,10.4,10.4,0,10.4,"2014-12-29"
10.399,10.4,10.36,10.4,700,10.4,"2014-12-30"
10.419,10.42,10.41,10.41,300,10.41,"2014-12-31"
10.41,10.41,10.41,10.41,0,10.41,"2015-01-02"
10.41,10.41,10.41,10.41,0,10.41,"2015-01-05"
10.35,10.39,10.35,10.35,1700,10.35,"2015-01-06"
10.35,10.47,10.35,10.42,2700,10.42,"2015-01-07"
10.34,10.48,10.34,10.48,780,10.48,"2015-01-08"
10.4401,10.4401,10.4401,10.4401,500,10.4401,"2015-01-09"
10.4401,10.4401,10.4401,10.4401,0,10.4401,"2015-01-12"
10.4401,10.4401,10.4401,10.4401,0,10.4401,"2015-01-13"
10.4799,10.48,10.4799,10.4799,3100,10.4799,"2015-01-14"
10.4799,10.4799,10.4799,10.4799,0,10.4799,"2015-01-15"
10.4301,10.4301,10.4301,10.4301,500,10.4301,"2015-01-16"
10.41,10.42,10.41,10.42,3900,10.42,"2015-01-20"
10.42,10.42,10.42,10.42,0,10.42,"2015-01-21"
10.4101,10.48,10.4101,10.4101,540,10.4101,"2015-01-22"
10.4101,10.4101,10.4101,10.4101,0,10.4101,"2015-01-23"
10.4101,10.4101,10.4101,10.4101,0,10.4101,"2015-01-26"
10.4101,10.4101,10.4101,10.4101,0,10.4101,"2015-01-27"
10.4101,10.4101,10.4101,10.4101,0,10.4101,"2015-01-28"
10.4101,10.4101,10.4101,10.4101,0,10.4101,"2015-01-29"
10.48,12.47,10.44,10.5,649300,10.5,"2015-01-30"
10.461,10.5,10.461,10.5,620983,10.5,"2015-02-02"
10.5,10.5,10.5,10.5,0,10.5,"2015-02-03"
10.5,10.5,10.5,10.5,660000,10.5,"2015-02-04"
10.5,10.5,10.5,10.5,570086,10.5,"2015-02-05"
10.5,10.5,10.5,10.5,0,10.5,"2015-02-06"
10.5,10.5,10.5,10.5,0,10.5,"2015-02-09"
10.5,10.51,10.46,10.5,51200,10.5,"2015-02-10"
10.58,10.58,10.33,10.5,114174,10.5,"2015-02-11"
10.2,10.2,10.2,10.2,183,10.2,"2015-02-12"
10.2,10.2,10.2,10.2,0,10.2,"2015-02-13"
10.2,10.2,10.2,10.2,0,10.2,"2015-02-17"
10.2,10.2,10.2,10.2,0,10.2,"2015-02-18"
10.2,10.2,10.2,10.2,0,10.2,"2015-02-19"
10.2,10.2,10.2,10.2,0,10.2,"2015-02-20"
10.2,10.2,10.2,10.2,0,10.2,"2015-02-23"
10.2,10.2,10.2,10.2,0,10.2,"2015-02-24"
10.2,10.2,10.2,10.2,0,10.2,"2015-02-25"
10.2,10.2,10.2,10.2,0,10.2,"2015-02-26"
10.2,10.2,10.2,10.2,0,10.2,"2015-02-27"
10.2,10.2,10.2,10.2,0,10.2,"2015-03-02"
10.2,10.2,10.2,10.2,0,10.2,"2015-03-03"
10.5,10.99,9.6,10.29,3979904,10.29,"2015-03-04"
10.75,10.77,10.14,10.14,41696,10.14,"2015-03-05"
10.75,10.7599,9.58,9.62,11216,9.62,"2015-03-06"
10.47,10.56,10.31,10.31,2215,10.31,"2015-03-09"
9.37,10.36,9.37,9.86,600,9.86,"2015-03-10"
9.86,9.86,9.86,9.86,0,9.86,"2015-03-11"
9.5,10.5,9.5,9.84,145800,9.84,"2015-03-12"
9.58,9.75,9.32,9.33,9184,9.33,"2015-03-13"
9.45,10.49,9.34,9.81,31902,9.81,"2015-03-16"
9.77,9.83,9.37,9.7,20570,9.7,"2015-03-17"
9.7,9.85,9.69,9.69,11900,9.69,"2015-03-18"
9.6,9.95,9.6,9.95,265,9.95,"2015-03-19"
9.7,10,9.7,10,912,10,"2015-03-20"
8,10.4,8,9.5,10347,9.5,"2015-03-23"
9.98,10.1,9.5,9.56,2256,9.56,"2015-03-24"
9.57,9.57,9.14,9.14,522,9.14,"2015-03-25"
9.35,10.04,9.35,9.35,304,9.35,"2015-03-26"
9.38,9.38,8.99,9.08,8834,9.08,"2015-03-27"
9.38,9.65,8.51,8.51,485,8.51,"2015-03-30"
9.51,9.51,8.52,9.16,333,9.16,"2015-03-31"
9.16,9.16,9.16,9.16,0,9.16,"2015-04-01"
9.53,10,9.53,9.96,1640,9.96,"2015-04-02"
9.96,9.96,9.96,9.96,0,9.96,"2015-04-06"
9.96,9.96,9.96,9.96,0,9.96,"2015-04-07"
9.92,9.92,9.92,9.92,150,9.92,"2015-04-08"
9.92,9.92,9.92,9.92,100,9.92,"2015-04-09"
10.28,10.28,9.84,9.98,2214,9.98,"2015-04-10"
9.25,9.9,9.25,9.49,3990,9.49,"2015-04-13"
8.86,9.73,8.821,9.47,2025,9.47,"2015-04-14"
9.46,10.11,9.45,9.93,2452,9.93,"2015-04-15"
10.32,10.32,9.5,10.15,6146,10.15,"2015-04-16"
9.98,10.1,9.8499,10.1,3166,10.1,"2015-04-17"
9.65,10,9.62,9.98,7454,9.98,"2015-04-20"
9.72,9.96,9.5,9.76,11152,9.76,"2015-04-21"
9.89,9.94,9.51,9.88,9100,9.88,"2015-04-22"
9.94,10.1,9.58,9.92,14042,9.92,"2015-04-23"
9.511,9.84,9.511,9.81,2490,9.81,"2015-04-24"
9.75,10.32,9.69,10.06,6019,10.06,"2015-04-27"
9.71,9.99,9.551,9.97,6106,9.97,"2015-04-28"
9.71,9.8,9.56,9.8,1410,9.8,"2015-04-29"
9.58,9.85,9.58,9.85,2100,9.85,"2015-04-30"
9.8,10.32,9.54,10.18,2000,10.18,"2015-05-01"
9.71,9.85,9.621,9.82,3579,9.82,"2015-05-04"
9.65,9.89,9.65,9.88,2317,9.88,"2015-05-05"
10.01,10.18,9.92,10.18,6166,10.18,"2015-05-06"
10.1,10.24,9.88,10.24,6477,10.24,"2015-05-07"
9.72,11.35,9.65,10.5,9073,10.5,"2015-05-08"
10.35,10.7,10.26,10.5,9585,10.5,"2015-05-11"
9.9,10.58,9.861,10.55,16406,10.55,"2015-05-12"
10.55,10.55,10.06,10.5,8484,10.5,"2015-05-13"
10.15,10.5,10.03,10.5,10667,10.5,"2015-05-14"
10.13,10.4,10.02,10.07,13148,10.07,"2015-05-15"
10.4899,10.49,9.81,10.205,6881,10.205,"2015-05-18"
10.6,11.05,10.06,11.05,4228,11.05,"2015-05-19"
10.73,10.9999,10.21,10.55,4037,10.55,"2015-05-20"
10.8,10.81,10.535,10.535,1680,10.535,"2015-05-21"
10.13,10.33,10.06,10.115,655,10.115,"2015-05-22"
10.221,10.489,10.01,10.01,4024,10.01,"2015-05-26"
10.49,10.97,10.165,10.425,9356,10.425,"2015-05-27"
10.68,10.68,10.22,10.245,1200,10.245,"2015-05-28"
10.2,10.48,10.11,10.135,735,10.135,"2015-05-29"
10.5,10.5,8.8,8.8,4730,8.8,"2015-06-01"
8.98,9.6,8.98,9.6,236,9.6,"2015-06-02"
9.41,9.41,9.26,9.26,705,9.26,"2015-06-03"
9.05,9.18,9.05,9.18,267,9.18,"2015-06-04"
9.18,9.18,9.18,9.18,0,9.18,"2015-06-05"
9.11,10.335,9.11,9.89,10601,9.89,"2015-06-08"
10.29,10.32,9.86,9.86,2818,9.86,"2015-06-09"
10.22,10.25,10.0999,10.13,5504,10.13,"2015-06-10"
9.6,11.32,9.51,10.12,4088,10.12,"2015-06-11"
9.85,9.85,9.85,9.85,245,9.85,"2015-06-12"
10.88,12.21,10.45,12.21,27981,12.21,"2015-06-15"
12.17,12.17,11.01,11.71,9247,11.71,"2015-06-16"
11.08,12.49,11.05,12.15,22335,12.15,"2015-06-17"
11.86,12.17,11.31,12.17,28737,12.17,"2015-06-18"
12.24,12.25,10.71,10.84,44973,10.84,"2015-06-19"
11.41,12.08,10.86,12.02,10166,12.02,"2015-06-22"
12.04,12.04,10.35,10.72,15957,10.72,"2015-06-23"
11.08,11.36,10.58,11.06,3717,11.06,"2015-06-24"
11.34,11.51,10.76,11.36,6537,11.36,"2015-06-25"
10.97,11.74,10.92,11.5,391908,11.5,"2015-06-26"
11.47,11.48,11.24,11.39,10599,11.39,"2015-06-29"
11.3,11.48,10.9,10.9,4286,10.9,"2015-06-30"
10.6,11.03,9.85,10.44,5021,10.44,"2015-07-01"
9.95,11.0899,9.95,10.73,4370,10.73,"2015-07-02"
10.8,11.09,9.975,10.02,5188,10.02,"2015-07-06"
9.9,10.4,9.9,10.32,4797,10.32,"2015-07-07"
10.07,10.96,10.0505,10.7,5420,10.7,"2015-07-08"
10.8,10.8,10.07,10.15,22962,10.15,"2015-07-09"
10.08,10.93,10.08,10.93,1693,10.93,"2015-07-10"
10.91,10.91,10.34,10.82,3386,10.82,"2015-07-13"
10.55,10.94,10.55,10.94,626,10.94,"2015-07-14"
10.94,10.94,10.49,10.59,2442,10.59,"2015-07-15"
10.71,10.82,10.49,10.49,1636,10.49,"2015-07-16"
10.53,10.82,10.53,10.71,4036,10.71,"2015-07-17"
10.17,10.31,10.17,10.24,2530,10.24,"2015-07-20"
9.93,10.9,9.93,10.55,2148,10.55,"2015-07-21"
10.63,10.92,10.31,10.92,492,10.92,"2015-07-22"
10.21,10.64,10.21,10.48,2906,10.48,"2015-07-23"
10.83,11.01,10.23,10.81,39077,10.81,"2015-07-24"
10.1501,10.31,10.01,10.1,2961,10.1,"2015-07-27"
10.38,10.38,10.25,10.25,2222,10.25,"2015-07-28"
10.2,10.5,10.2,10.5,1131,10.5,"2015-07-29"
10.23,10.7,10.23,10.36,1603,10.36,"2015-07-30"
10.715,10.91,10.54,10.91,2228,10.91,"2015-07-31"
10.87,10.88,10.75,10.83,2153,10.83,"2015-08-03"
11.5,11.5,10.34,10.34,436,10.34,"2015-08-04"
10.38,10.38,10.38,10.38,976,10.38,"2015-08-05"
10.26,10.65,10.26,10.49,2911,10.49,"2015-08-06"
10.41,10.67,10.23,10.24,2074,10.24,"2015-08-07"
10.81,10.81,10.39,10.76,3410,10.76,"2015-08-10"
10.46,10.7,10.42,10.54,1306,10.54,"2015-08-11"
10.38,10.44,10.3301,10.44,1461,10.44,"2015-08-12"
10.43,10.46,10.3,10.32,1437,10.32,"2015-08-13"
10.33,10.77,10.25,10.33,1690,10.33,"2015-08-14"
10.73,10.73,10.73,10.73,729,10.73,"2015-08-17"
10.22,10.27,10.22,10.24,833,10.24,"2015-08-18"
10.19,10.19,9.78,9.78,1441,9.78,"2015-08-19"
9.81,9.94,9.22,9.22,3958,9.22,"2015-08-20"
9.02,9.65,9.02,9.18,5439,9.18,"2015-08-21"
8.5,8.61,8.5,8.56,2782,8.56,"2015-08-24"
7.74,8.416,6.63,6.95,8443,6.95,"2015-08-25"
6.74,6.74,6.1,6.59,7175,6.59,"2015-08-26"
6.44,6.71,5.86,6.2,4593,6.2,"2015-08-27"
6.12,6.26,6.08,6.15,4799,6.15,"2015-08-28"
6.27,6.75,6.27,6.75,1400,6.75,"2015-08-31"
6.56,6.62,5.79,6.09,5889,6.09,"2015-09-01"
6.02,6.566,5.9,5.98,4974,5.98,"2015-09-02"
6.08,6.08,5.92,5.99,10015,5.99,"2015-09-03"
6,6.07,5.73,5.9,11365,5.9,"2015-09-04"
5.99,5.99,5.57,5.91,5985,5.91,"2015-09-08"
5.482,5.93,5.482,5.88,2654,5.88,"2015-09-09"
5.88,5.92,5.44,5.71,17403,5.71,"2015-09-10"
5.68,6.03,5.68,5.86,5981,5.86,"2015-09-11"
5.85,5.91,5.84,5.91,2455,5.91,"2015-09-14"
5.89,5.9,5.41,5.82,30111,5.82,"2015-09-15"
5.84,5.92,5.8,5.86,2705,5.86,"2015-09-16"
5.84,5.9,5.75,5.78,7544,5.78,"2015-09-17"
5.68,7.59,5.68,7.59,59199,7.59,"2015-09-18"
6.83,7.35,6.83,7.29,15880,7.29,"2015-09-21"
8.32,8.8366,8.2,8.69,9142,8.69,"2015-09-23"
8.82,9.68,8.74,9.41,18455,9.41,"2015-09-24"
9.65,9.65,9,9.23,17788,9.23,"2015-09-25"
9.47,9.88,9.03,9.54,15400,9.54,"2015-09-28"
9.04,9.95,9.04,9.57,7971,9.57,"2015-09-29"
9.7,9.7,9.42,9.42,5243,9.42,"2015-09-30"
9.19,9.6,9.13,9.36,11757,9.36,"2015-10-01"
9.24,9.4,9.06,9.35,6218,9.35,"2015-10-02"
9.1976,9.25,8.97,9.22,5273,9.22,"2015-10-05"
9.37,9.41,9.04,9.3,6023,9.3,"2015-10-06"
9.28,9.36,9.15,9.35,2628,9.35,"2015-10-07"
9.33,9.74,9.281,9.74,2594,9.74,"2015-10-08"
9.73,9.78,9.5,9.74,3392,9.74,"2015-10-09"
9.72,9.77,9.72,9.77,1393,9.77,"2015-10-12"
9.6,9.94,9.55,9.69,7250,9.69,"2015-10-13"
9.69,10.09,9.59,9.59,5974,9.59,"2015-10-14"
9.9299,10.09,9.9299,10.09,2435,10.09,"2015-10-15"
10.17,10.17,10,10,1238,10,"2015-10-16"
10.65,10.65,10.35,10.35,1139,10.35,"2015-10-19"
10.04,10.09,10.04,10.09,1116,10.09,"2015-10-20"
10.47,10.47,9.921,10.1,1065,10.1,"2015-10-21"
10,10.31,10,10.19,1142,10.19,"2015-10-22"
9.77,10.85,9.77,10.5,10624,10.5,"2015-10-23"
10.42,10.42,10.16,10.16,664,10.16,"2015-10-26"
10.5,10.5,10.26,10.26,3183,10.26,"2015-10-27"
10.51,10.51,10.15,10.51,4108,10.51,"2015-10-28"
11.57,11.57,9.94,9.94,690,9.94,"2015-10-29"
10.06,10.43,10.06,10.39,1531,10.39,"2015-10-30"
12.42,12.73,10.5,10.51,3990,10.51,"2015-11-02"
10.11,10.54,10.08,10.49,2489,10.49,"2015-11-03"
10.47,10.81,10.47,10.81,13127,10.81,"2015-11-04"
10.55,10.62,10.51,10.54,4944,10.54,"2015-11-05"
10.11,10.54,10.11,10.54,1372,10.54,"2015-11-06"
10.7,10.84,10.7,10.84,1459,10.84,"2015-11-09"
10.84,10.84,10.09,10.62,1771,10.62,"2015-11-10"
10.41,10.41,10.41,10.41,318,10.41,"2015-11-11"
10.35,10.35,10.26,10.26,888,10.26,"2015-11-12"
10.18,10.48,10.18,10.26,1364,10.26,"2015-11-13"
10.25,10.27,10.23,10.23,4574,10.23,"2015-11-16"
10.77,11.16,10.39,10.39,2202,10.39,"2015-11-17"
10.35,10.35,10.34,10.34,2140,10.34,"2015-11-18"
10.27,10.27,10.27,10.27,816,10.27,"2015-11-19"
10.4,10.4,10.18,10.22,4581,10.22,"2015-11-20"
10.18,10.18,10.18,10.18,464,10.18,"2015-11-23"
9.82,9.99,9.82,9.98,750,9.98,"2015-11-24"
9.99,10,9.91,10,909,10,"2015-11-25"
10,10,10,10,426,10,"2015-11-27"
10,10.09,9.815,10,10209,10,"2015-11-30"
9.97,9.99,9.9,9.94,1397,9.94,"2015-12-01"
9.82,9.82,9.7801,9.8,1377,9.8,"2015-12-02"
9.8,9.96,9.57,9.92,5704,9.92,"2015-12-03"
9.8,9.8,9.8,9.8,1069,9.8,"2015-12-04"
9.64,9.85,9.64,9.82,3800,9.82,"2015-12-07"
9.85,9.85,9.69,9.71,1074,9.71,"2015-12-08"
9.84,9.84,9.69,9.81,1286,9.81,"2015-12-09"
9.78,9.78,9.72,9.72,2063,9.72,"2015-12-10"
9.58,9.71,8.98,8.99,4250,8.99,"2015-12-11"
9,9.4,9,9.28,12390,9.28,"2015-12-14"
9.03,9.72,9.03,9.47,1109,9.47,"2015-12-15"
9.09,9.63,9.06,9.63,1221,9.63,"2015-12-16"
10.85,10.85,10.85,10.85,758,10.85,"2015-12-17"
10.27,10.27,9.31,10.14,10092,10.14,"2015-12-18"
9.96,9.96,9.4401,9.6,3127,9.6,"2015-12-21"
9.68,9.68,9.67,9.67,1085,9.67,"2015-12-22"
9.25,9.56,9.25,9.56,934,9.56,"2015-12-23"
9.61,9.69,9.24,9.55,1353,9.55,"2015-12-24"
9.84,10.37,9.84,9.88,1774,9.88,"2015-12-28"
9.43,9.96,9.43,9.96,709,9.96,"2015-12-29"
9.26,9.26,9.26,9.26,1455,9.26,"2015-12-30"
9.63,9.835,9.04,9.26,3649,9.26,"2015-12-31"
8.88,8.88,8.32,8.32,2788,8.32,"2016-01-04"
8.36,8.64,8.2605,8.64,1749,8.64,"2016-01-05"
8.64,8.64,7.95,8.24,3075,8.24,"2016-01-06"
7.78,7.78,7.49,7.49,3039,7.49,"2016-01-07"
7.37,7.38,7.12,7.12,3396,7.12,"2016-01-08"
7.12,7.12,7.12,7.12,590,7.12,"2016-01-11"
7.84,7.84,7.84,7.84,3569,7.84,"2016-01-12"
6.96,7.32,6.07,6.09,2669,6.09,"2016-01-13"
7.36,7.46,6.43,6.43,1958,6.43,"2016-01-14"
6.28,6.55,6.22,6.24,2738,6.24,"2016-01-15"
6.26,6.26,6.26,6.26,1541,6.26,"2016-01-19"
5.86,6.04,5.76,6.03,3070,6.03,"2016-01-20"
5.6499,5.84,5.4,5.73,1883,5.73,"2016-01-21"
5.55,6.26,5.55,5.78,3547,5.78,"2016-01-22"
6.35,6.35,5.81,5.82,2707,5.82,"2016-01-25"
7.3,7.67,6.41,6.61,3654,6.61,"2016-01-26"
6.25,6.32,5.9,5.9,1704,5.9,"2016-01-27"
6.45,6.45,6.45,6.45,531,6.45,"2016-01-28"
6.41,6.91,6.3,6.3,12198,6.3,"2016-01-29"
6.34,6.34,6.34,6.34,797,6.34,"2016-02-01"
5.95,5.95,5.88,5.88,1785,5.88,"2016-02-02"
5.88,5.88,5.27,5.27,1406,5.27,"2016-02-03"
5.45,5.45,5.45,5.45,422,5.45,"2016-02-04"
5.72,6.39,5.17,5.19,7355,5.19,"2016-02-05"
5.38,5.38,3.58,3.58,2328,3.58,"2016-02-08"
4.15,4.15,3.32,3.81,2499,3.81,"2016-02-09"
3.72,3.941,3.7199,3.74,3316,3.74,"2016-02-10"
3.89,3.89,3.75,3.75,1248,3.75,"2016-02-11"
4.68,4.68,4.61,4.61,1397,4.61,"2016-02-12"
5.66,5.84,5.66,5.84,1374,5.84,"2016-02-16"
6.54,6.54,6.54,6.54,2199,6.54,"2016-02-17"
6.49,6.49,6.49,6.49,725,6.49,"2016-02-18"
6.46,6.46,5.45,5.5,4005,5.5,"2016-02-19"
6.27,6.27,5.54,5.55,3744,5.55,"2016-02-22"
5.44,6.58,5.2,5.2,1821,5.2,"2016-02-23"
5.235,5.235,4.55,5.2,2636,5.2,"2016-02-24"
4.6,4.66,4.44,4.51,1262,4.51,"2016-02-25"
4.94,4.94,4.94,4.94,912,4.94,"2016-02-26"
5.14,5.14,5.05,5.05,3215,5.05,"2016-02-29"
6.8,6.88,6.8,6.88,996,6.88,"2016-03-01"
7.9,7.9,7.2102,7.67,9665,7.67,"2016-03-02"
8.72,8.72,6.14,6.28,2968,6.28,"2016-03-03"
6.4,6.4,6.4,6.4,600,6.4,"2016-03-04"
6.49,6.49,6.01,6.2,2759,6.2,"2016-03-07"
5.83,6.07,5.25,5.27,1730,5.27,"2016-03-08"
5.4,6.38,5.4,6.38,949,6.38,"2016-03-09"
5.09,6.64,5.09,6.64,851,6.64,"2016-03-10"
5.9,7.09,5.85,7.09,2237,7.09,"2016-03-11"
6.77,6.77,6.25,6.25,834,6.25,"2016-03-14"
5.12,5.24,5.12,5.24,872,5.24,"2016-03-15"
7.245,7.245,5.99,5.99,4738,5.99,"2016-03-16"
5.74,5.74,5.4,5.73,1329,5.73,"2016-03-17"
6.27,6.27,5.95,5.95,5854,5.95,"2016-03-18"
5.9799,5.9799,5.62,5.83,2078,5.83,"2016-03-21"
5.66,5.66,5.66,5.66,483,5.66,"2016-03-22"
5.83,5.92,5.6,5.6,4069,5.6,"2016-03-23"
5.4,5.4,5.4,5.4,483,5.4,"2016-03-24"
5.2,5.2,5.2,5.2,403,5.2,"2016-03-28"
5.2,5.27,5.12,5.27,2564,5.27,"2016-03-29"
5.74,5.74,4.74,4.83,2266,4.83,"2016-03-30"
5.1601,5.1775,4.86,4.86,3619,4.86,"2016-03-31"
4.715,5.57,4.17,4.17,1961,4.17,"2016-04-01"
4.95,4.9999,4.5001,4.54,4046,4.54,"2016-04-04"
4.73,4.86,4.16,4.4,7499,4.4,"2016-04-05"
4.39,4.39,4.2,4.3,6294,4.3,"2016-04-06"
4.11,4.1499,3.9,3.9,3387,3.9,"2016-04-07"
3.98,4.17,3.91,3.91,1253,3.91,"2016-04-08"
3.76,4,3.64,3.71,16677,3.71,"2016-04-11"
3.55,3.7,3.52,3.56,6834,3.56,"2016-04-12"
3.52,3.67,3.38,3.59,4462,3.59,"2016-04-13"
3.6,3.75,3.6,3.72,7090,3.72,"2016-04-14"
3.7,3.83,3.6,3.6,3876,3.6,"2016-04-15"
3.78,3.78,3.43,3.43,1402,3.43,"2016-04-18"
3.42,3.43,3.42,3.42,3063,3.42,"2016-04-19"
3.3701,3.39,3.18,3.27,4338,3.27,"2016-04-20"
3.29,3.29,3.2,3.22,5061,3.22,"2016-04-21"
3.3,3.3,3.11,3.12,3325,3.12,"2016-04-22"
3.45,3.45,3.08,3.08,17264,3.08,"2016-04-25"
3.11,3.1381,3.05,3.1,7713,3.1,"2016-04-26"
3.1,3.1,2.87,2.91,7343,2.91,"2016-04-27"
2.9201,3.03,2.91,2.91,2459,2.91,"2016-04-28"
2.74,2.74,2.74,2.74,529,2.74,"2016-04-29"
2.67,2.79,2.67,2.79,901,2.79,"2016-05-02"
3.0399,3.0399,2.68,2.7,7145,2.7,"2016-05-03"
2.83,3,2.83,2.9,30970,2.9,"2016-05-04"
2.75,3,2.75,2.88,717,2.88,"2016-05-05"
2.98,2.98,2.83,2.83,1438,2.83,"2016-05-06"
2.495,2.92,2.495,2.92,1347,2.92,"2016-05-09"
2.99,2.99,2.99,2.99,427,2.99,"2016-05-10"
2.625,2.9,2.625,2.64,1591,2.64,"2016-05-11"
2.875,2.875,2.49,2.49,1496,2.49,"2016-05-12"
2.55,2.55,1.89,2,68057,2,"2016-05-13"
1.9501,2.33,1.915,1.99,70816,1.99,"2016-05-16"
2.0001,2.1,1.83,1.84,13687,1.84,"2016-05-17"
2.1,2.1,1.97,1.99,2358,1.99,"2016-05-18"
1.85,2.1,1.7901,1.93,3645,1.93,"2016-05-19"
2.1,2.1,1.94,2,3918,2,"2016-05-20"
1.84,1.92,1.84,1.87,2236,1.87,"2016-05-23"
1.7,1.863,1.7,1.83,7996,1.83,"2016-05-24"
1.72,1.85,1.72,1.77,2207,1.77,"2016-05-25"
1.7,1.85,1.58,1.61,5221,1.61,"2016-05-26"
1.61,1.9,1.61,1.82,19658,1.82,"2016-05-27"
1.84,1.85,1.65,1.77,9764,1.77,"2016-05-31"
1.7599,2.13,1.62,1.8,14635,1.8,"2016-06-01"
1.95,2.04,1.89,1.98,12328,1.98,"2016-06-02"
2.08,2.1373,1.84,1.99,20336,1.99,"2016-06-03"
1.85,2.05,1.85,1.95,15743,1.95,"2016-06-06"
2.1,2.1,1.84,1.87,7424,1.87,"2016-06-07"
1.94,2.01,1.87,1.94,14418,1.94,"2016-06-08"
1.93,1.95,1.9,1.95,2986,1.95,"2016-06-09"
2.04,2.04,1.9,1.92,2297,1.92,"2016-06-10"
1.87,1.94,1.57,1.68,12875,1.68,"2016-06-13"
1.56,1.8,1.56,1.65,6538,1.65,"2016-06-14"
1.68,1.7999,1.53,1.61,6159,1.61,"2016-06-15"
1.73,1.75,1.55,1.57,9568,1.57,"2016-06-16"
1.58,1.725,1.51,1.55,42452,1.55,"2016-06-17"
1.32,1.69,1.32,1.58,29053,1.58,"2016-06-20"
1.55,1.57,1.5401,1.56,6888,1.56,"2016-06-21"
1.37,1.51,1.37,1.41,14984,1.41,"2016-06-22"
1.36,4.63,1.36,4.02,6791266,4.02,"2016-06-23"
3.78,3.78,2.83,3,1243314,3,"2016-06-24"
2.81,3.13,2.5,2.87,958040,2.87,"2016-06-27"
2.96,3.35,2.8,3.1,857804,3.1,"2016-06-28"
3.03,3.1899,2.77,2.82,196804,2.82,"2016-06-29"
2.7,2.81,2.49,2.81,108799,2.81,"2016-06-30"
2.68,2.86,2.58,2.7,28928,2.7,"2016-07-01"
2.59,2.9,2.45,2.9,67590,2.9,"2016-07-05"
2.77,2.77,2.51,2.63,40641,2.63,"2016-07-06"
2.57,2.64,2.46,2.5,47778,2.5,"2016-07-07"
2.44,2.53,2.39,2.39,18734,2.39,"2016-07-08"
2.33,2.53,1.88,2.26,113971,2.26,"2016-07-11"
2.28,2.435,2.11,2.3,184673,2.3,"2016-07-12"
2.3,2.5999,2.21,2.33,139683,2.33,"2016-07-13"
2.33,2.54,2.33,2.42,53682,2.42,"2016-07-14"
2.52,4.83,2.52,3.93,7580946,3.93,"2016-07-15"
3.56,3.92,2.75,2.84,916403,2.84,"2016-07-18"
2.8,3.17,2.521,2.66,1316341,2.66,"2016-07-19"
2.61,3.63,2.54,3.1,3746564,3.1,"2016-07-20"
3.19,4.98,3.11,3.83,6601508,3.83,"2016-07-21"
3.67,4.34,3.5,3.72,1125220,3.72,"2016-07-22"
3.6,3.6,3.161,3.33,446882,3.33,"2016-07-25"
3.3,3.3,2.84,3.04,248542,3.04,"2016-07-26"
3.05,3.25,3,3.18,209073,3.18,"2016-07-27"
3.15,3.17,3.03,3.11,55673,3.11,"2016-07-28"
3.1,3.2299,3,3.02,106533,3.02,"2016-07-29"
3.16,3.16,2.88,2.93,78829,2.93,"2016-08-01"
2.94,3.04,2.7521,2.84,84050,2.84,"2016-08-02"
2.76,2.9199,2.75,2.75,48701,2.75,"2016-08-03"
2.75,2.77,2.5,2.59,102383,2.59,"2016-08-04"
2.5,2.81,2.5,2.79,107109,2.79,"2016-08-05"
2.89,3.45,2.741,2.93,815803,2.93,"2016-08-08"
2.9,2.96,2.77,2.79,96226,2.79,"2016-08-09"
2.62,2.7,2.53,2.6,107701,2.6,"2016-08-10"
2.61,2.74,2.53,2.55,98238,2.55,"2016-08-11"
2.56,2.56,2.4,2.43,61836,2.43,"2016-08-12"
2.41,2.41,2.2,2.23,71115,2.23,"2016-08-15"
2.2495,2.31,2.2,2.26,32726,2.26,"2016-08-16"
2.27,2.3899,2.21,2.25,20414,2.25,"2016-08-17"
2.25,2.47,2.14,2.35,120890,2.35,"2016-08-18"
2.34,2.55,2.251,2.44,76899,2.44,"2016-08-19"
2.43,2.489,2.35,2.43,34570,2.43,"2016-08-22"
2.435,2.47,2.4,2.44,20293,2.44,"2016-08-23"
2.41,2.6399,2.4,2.47,91050,2.47,"2016-08-24"
2.6133,2.618,2.25,2.37,43418,2.37,"2016-08-25"
2.4,2.5,2.21,2.31,31292,2.31,"2016-08-26"
2.3499,2.7499,2.3499,2.4,87519,2.4,"2016-08-29"
2.5499,2.5499,2.32,2.35,16486,2.35,"2016-08-30"
2.3499,2.3499,2.1,2.2,38185,2.2,"2016-08-31"
2.2,2.44,2.1599,2.19,75436,2.19,"2016-09-01"
2.18,2.19,2.125,2.15,12992,2.15,"2016-09-02"
2.17,2.23,1.92,2.12,63246,2.12,"2016-09-06"
2.18,2.18,2.11,2.12,25589,2.12,"2016-09-07"
2.18,2.18,2.12,2.13,5057,2.13,"2016-09-08"
2.18,2.18,2.02,2.08,17090,2.08,"2016-09-09"
2.12,2.12,1.96,2.02,14641,2.02,"2016-09-12"
1.96,2.06,1.924,2.01,33189,2.01,"2016-09-13"
1.95,2.52,1.93,2.01,377848,2.01,"2016-09-14"
2.045,2.35,2.01,2.235,103246,2.235,"2016-09-15"
2.29,2.39,2.28,2.34,35235,2.34,"2016-09-16"
2.2101,2.39,2.17,2.3,8036,2.3,"2016-09-19"
2.17,2.3,2.16,2.28,22995,2.28,"2016-09-20"
2.1301,2.29,2.1301,2.2,17295,2.2,"2016-09-21"
2.16,2.25,2.06,2.07,20503,2.07,"2016-09-22"
2.11,2.1513,2.08,2.12,8446,2.12,"2016-09-23"
2.07,2.11,2.035,2.08,13013,2.08,"2016-09-26"
2.05,2.5499,2,2.37,171702,2.37,"2016-09-27"
2.37,2.37,2.17,2.28,76306,2.28,"2016-09-28"
2.35,2.35,2.17,2.23,53877,2.23,"2016-09-29"
2.16,3.2,2.01,2.3,1638796,2.3,"2016-09-30"
2.25,2.35,2.09,2.09,58823,2.09,"2016-10-03"
2.1,2.31,2.03,2.14,53110,2.14,"2016-10-04"
2.159,2.1629,2.061,2.11,28209,2.11,"2016-10-05"
2.0952,2.15,2.0601,2.07,5361,2.07,"2016-10-06"
2.17,2.17,1.965,2.02,56365,2.02,"2016-10-07"
1.63,1.96,1.63,1.93,43192,1.93,"2016-10-10"
1.93,2.28,1.81,1.985,158757,1.985,"2016-10-11"
1.97,2.007,1.94,1.96,18886,1.96,"2016-10-12"
1.9,1.9361,1.8528,1.87,11052,1.87,"2016-10-13"
1.8839,1.894,1.83,1.83,14008,1.83,"2016-10-14"
1.83,1.83,1.7799,1.7799,4675,1.7799,"2016-10-17"
1.8068,1.9225,1.8068,1.85,7078,1.85,"2016-10-18"
1.84,1.84,1.8,1.8,4240,1.8,"2016-10-19"
1.762,2.01,1.762,2,76337,2,"2016-10-20"
1.97,2.25,1.96,2.11,155488,2.11,"2016-10-21"
2.17,2.5,1.89,1.9296,215120,1.9296,"2016-10-24"
1.92,1.97,1.86,1.9,54654,1.9,"2016-10-25"
1.9,1.92,1.8,1.8455,32385,1.8455,"2016-10-26"
1.82,1.89,1.8,1.83,20088,1.83,"2016-10-27"
1.7999,1.85,1.75,1.79,19960,1.79,"2016-10-28"
1.8501,1.9,1.73,1.76,61800,1.76,"2016-10-31"
1.7943,1.7972,1.7,1.73,32253,1.73,"2016-11-01"
1.67,1.76,1.65,1.72,42945,1.72,"2016-11-02"
1.72,1.86,1.66,1.66,96622,1.66,"2016-11-03"
1.65,1.66,1.56,1.59,21518,1.59,"2016-11-04"
1.621,1.6895,1.54,1.67,71579,1.67,"2016-11-07"
1.67,1.73,1.63,1.73,34529,1.73,"2016-11-08"
1.79,1.79,1.67,1.75,12682,1.75,"2016-11-09"
1.8,1.84,1.71,1.83,93925,1.83,"2016-11-10"
1.79,2.11,1.73,1.73,226902,1.73,"2016-11-11"
1.72,1.784,1.59,1.6,51226,1.6,"2016-11-14"
1.6,1.94,1.6,1.65,249608,1.65,"2016-11-15"
1.73,1.7844,1.6,1.66,59874,1.66,"2016-11-16"
1.634,1.87,1.63,1.74,501548,1.74,"2016-11-17"
1.82,1.82,1.65,1.68,113017,1.68,"2016-11-18"
1.69,1.84,1.66,1.69,257195,1.69,"2016-11-21"
1.7,1.73,1.65,1.67,72151,1.67,"2016-11-22"
1.68,1.68,1.54,1.58,106861,1.58,"2016-11-23"
1.59,1.6468,1.58,1.59,35837,1.59,"2016-11-25"
1.6,1.6,1.53,1.56,34294,1.56,"2016-11-28"
1.57,1.59,1.43,1.5,68629,1.5,"2016-11-29"
1.49,1.52,1.41,1.44,48469,1.44,"2016-11-30"
1.43,1.48,1.38,1.4198,20861,1.4198,"2016-12-01"
1.4201,1.535,1.41,1.49,34542,1.49,"2016-12-02"
1.45,1.561,1.44,1.45,54038,1.45,"2016-12-05"
1.46,1.51,1.36,1.46,46719,1.46,"2016-12-06"
1.46,1.5,1.43,1.46,18661,1.46,"2016-12-07"
1.54,1.54,1.4501,1.46,25119,1.46,"2016-12-08"
1.45,1.49,1.42,1.46,33276,1.46,"2016-12-09"
1.46,1.51,1.46,1.48,5128,1.48,"2016-12-12"
1.49,1.75,1.41,1.42,348323,1.42,"2016-12-13"
1.43,1.5975,1.37,1.38,44734,1.38,"2016-12-14"
1.38,1.42,1.31,1.33,18371,1.33,"2016-12-15"
1.34,1.42,1.32,1.32,5787,1.32,"2016-12-16"
1.3536,1.42,1.32,1.35,42534,1.35,"2016-12-19"
1.35,1.38,1.32,1.33,2532,1.33,"2016-12-20"
1.29,1.38,1.29,1.35,8029,1.35,"2016-12-21"
1.36,1.4,1.35,1.35,8813,1.35,"2016-12-22"
1.36,1.41,1.34,1.34,11406,1.34,"2016-12-23"
1.38,1.5,1.3533,1.4148,85995,1.4148,"2016-12-27"
1.45,1.59,1.35,1.3681,282493,1.3681,"2016-12-28"
1.37,1.45,1.37,1.4,51436,1.4,"2016-12-29"
1.41,1.47,1.3801,1.47,22550,1.47,"2016-12-30"
1.4475,1.53,1.4,1.47,24576,1.47,"2017-01-03"
1.4564,1.53,1.4,1.43,40759,1.43,"2017-01-04"
1.4308,1.5,1.39,1.48,46277,1.48,"2017-01-05"
1.47,1.59,1.46,1.56,100745,1.56,"2017-01-06"
1.5531,1.65,1.53,1.62,53276,1.62,"2017-01-09"
1.6,1.72,1.6,1.6601,81681,1.6601,"2017-01-10"
1.71,1.97,1.68,1.7474,414299,1.7474,"2017-01-11"
1.7311,1.81,1.66,1.76,83365,1.76,"2017-01-12"
1.805,1.805,1.71,1.71,21683,1.71,"2017-01-13"
1.795,1.795,1.531,1.55,19626,1.55,"2017-01-17"
1.5542,1.61,1.52,1.57,37892,1.57,"2017-01-18"
1.54,1.635,1.5,1.5,13488,1.5,"2017-01-19"
1.5969,1.6445,1.5,1.56,8309,1.56,"2017-01-20"
1.55,1.585,1.5066,1.51,15317,1.51,"2017-01-23"
1.5076,1.57,1.5,1.51,10509,1.51,"2017-01-24"
1.55,1.5899,1.55,1.571,4399,1.571,"2017-01-25"
1.58,1.68,1.56,1.6,26458,1.6,"2017-01-26"
1.58,1.72,1.58,1.68,23937,1.68,"2017-01-27"
1.71,1.72,1.6399,1.64,9383,1.64,"2017-01-30"
1.65,1.72,1.56,1.72,18921,1.72,"2017-01-31"
1.73,1.75,1.7,1.74,9838,1.74,"2017-02-01"
1.74,1.74,1.71,1.74,5101,1.74,"2017-02-02"
1.765,3.32,1.691,2.48,2338480,2.48,"2017-02-03"
2.55,2.55,2.05,2.16,333589,2.16,"2017-02-06"
2.15,2.3,1.97,2.0501,139548,2.0501,"2017-02-07"
2.06,2.1777,1.96,1.97,60269,1.97,"2017-02-08"
1.98,2.09,1.88,1.96,27219,1.96,"2017-02-09"
2.0133,2.08,1.973,2.02,38980,2.02,"2017-02-10"
2.0583,2.16,2.02,2.05,137249,2.05,"2017-02-13"
2.4,5.18,2.35,4.32,25962767,4.32,"2017-02-14"
3.75,4.18,3.33,3.37,2716590,3.37,"2017-02-15"
3.37,3.5,3.02,3.18,496308,3.18,"2017-02-16"
3.12,3.43,3.0699,3.34,356680,3.34,"2017-02-17"
3.35,3.38,2.94,2.95,319264,2.95,"2017-02-21"
2.87,2.905,2.49,2.63,411713,2.63,"2017-02-22"
2.65,3.05,2.4876,2.8,307970,2.8,"2017-02-23"
2.7,3,2.6,3,340360,3,"2017-02-24"
3.05,3.2,2.8099,2.93,141379,2.93,"2017-02-27"
2.89,2.9099,2.66,2.71,69820,2.71,"2017-02-28"
2.78,2.9499,2.7,2.85,146100,2.85,"2017-03-01"
2.85,2.88,2.62,2.7,115294,2.7,"2017-03-02"
2.67,2.7,2.62,2.69,32672,2.69,"2017-03-03"
2.62,2.66,2.39,2.41,102752,2.41,"2017-03-06"
2.39,2.47,2.33,2.39,70721,2.39,"2017-03-07"
2.41,2.46,2.22,2.3,70976,2.3,"2017-03-08"
2.3,2.43,2.2692,2.43,50551,2.43,"2017-03-09"
2.43,2.43,2.27,2.27,15617,2.27,"2017-03-10"
2.275,2.57,2.235,2.48,101012,2.48,"2017-03-13"
2.42,2.6,2.22,2.23,85541,2.23,"2017-03-14"
2.24,2.465,2.16,2.41,135209,2.41,"2017-03-15"
2.4,2.436,2.22,2.3,45601,2.3,"2017-03-16"
2.27,2.38,2.2601,2.28,49693,2.28,"2017-03-17"
2.3,2.4071,2.21,2.24,65968,2.24,"2017-03-20"
2.24,2.29,2.01,2.01,99367,2.01,"2017-03-21"
2.02,2.18,2.02,2.1,68233,2.1,"2017-03-22"
2.18,2.38,2.1137,2.26,74806,2.26,"2017-03-23"
3.63,4.19,2.83,2.92,12692697,2.92,"2017-03-24"
2.91,3,2.43,2.53,1575288,2.53,"2017-03-27"
2.41,2.58,2.2801,2.52,625658,2.52,"2017-03-28"
2.47,2.501,2.381,2.45,195914,2.45,"2017-03-29"
2.42,2.6,2.31,2.53,343098,2.53,"2017-03-30"
2.47,2.7,2.4028,2.7,340971,2.7,"2017-03-31"
2.75,2.771,2.45,2.57,203949,2.57,"2017-04-03"
2.5,2.54,2.4,2.4,84393,2.4,"2017-04-04"
2.42,2.48,2.309,2.34,79064,2.34,"2017-04-05"
2.3,2.35,2.24,2.28,93186,2.28,"2017-04-06"
2.28,2.4,2.2452,2.3301,97934,2.3301,"2017-04-07"
2.32,2.5,2.32,2.4,116291,2.4,"2017-04-10"
2.3421,2.48,2.3311,2.38,30919,2.38,"2017-04-11"
2.3801,2.4399,2.37,2.37,19770,2.37,"2017-04-12"
2.36,2.37,2.29,2.34,13266,2.34,"2017-04-13"
2.33,2.45,2.33,2.39,14815,2.39,"2017-04-17"
2.35,2.42,2.31,2.32,21874,2.32,"2017-04-18"
2.3101,2.39,2.28,2.3,130117,2.3,"2017-04-19"
2.5,2.98,2.38,2.41,1194022,2.41,"2017-04-20"
2.38,2.4086,2.2,2.32,275712,2.32,"2017-04-21"
2.4,2.43,2.3001,2.43,101194,2.43,"2017-04-24"
2.44,2.44,2.26,2.37,61460,2.37,"2017-04-25"
2.39,2.45,2.29,2.34,56629,2.34,"2017-04-26"
2.36,2.38,2.28,2.38,58534,2.38,"2017-04-27"
2.37,2.48,2.34,2.37,97238,2.37,"2017-04-28"
2.36,2.4,2.3,2.34,50668,2.34,"2017-05-01"
2.3,2.35,2.25,2.27,71708,2.27,"2017-05-02"
2.24,2.28,2.11,2.23,75184,2.23,"2017-05-03"
2.23,2.265,2.17,2.18,40366,2.18,"2017-05-04"
2.22,2.22,2.17,2.2,23316,2.2,"2017-05-05"
2.1867,2.2,2.16,2.19,18817,2.19,"2017-05-08"
2.18,2.2,2.16,2.19,32836,2.19,"2017-05-09"
2.17,2.2,2.1601,2.2,20705,2.2,"2017-05-10"
2.22,2.2704,2.14,2.24,47964,2.24,"2017-05-11"
2.2,2.25,2.16,2.19,57022,2.19,"2017-05-12"
2.2,2.2,2.16,2.19,4488,2.19,"2017-05-15"
2.186,2.186,2.0942,2.13,32861,2.13,"2017-05-16"
2.08,2.1,2.01,2.1,38072,2.1,"2017-05-17"
2.08,2.08,2.045,2.07,15527,2.07,"2017-05-18"
2.08,2.0831,2.0414,2.07,12700,2.07,"2017-05-19"
2.0766,2.2384,2.0766,2.22,60731,2.22,"2017-05-22"
2.1,2.2399,2.1,2.18,7652,2.18,"2017-05-23"
2.1316,2.17,2.12,2.17,4558,2.17,"2017-05-24"
2.18,2.18,2.1141,2.18,12639,2.18,"2017-05-25"
2.2,2.2,2.16,2.19,14005,2.19,"2017-05-26"
2.17,2.24,2.08,2.2,37013,2.2,"2017-05-30"
2.2,2.26,2.2,2.26,59232,2.26,"2017-05-31"
2.25,2.27,2.1401,2.24,52327,2.24,"2017-06-01"
2.24,2.34,2.232,2.3,48618,2.3,"2017-06-02"
2.29,2.3388,2.26,2.3,13308,2.3,"2017-06-05"
2.29,2.32,2.22,2.28,13594,2.28,"2017-06-06"
2.24,2.32,2.24,2.28,18123,2.28,"2017-06-07"
2.25,2.31,2.15,2.27,37223,2.27,"2017-06-08"
2.31,2.32,2.24,2.27,13417,2.27,"2017-06-09"
2.24,2.32,2.16,2.19,26026,2.19,"2017-06-12"
2.2,2.25,2.17,2.18,4650,2.18,"2017-06-13"
2.17,2.23,2.17,2.18,22985,2.18,"2017-06-14"
2.18,2.24,2.1,2.14,27118,2.14,"2017-06-15"
2.17,2.26,1.91,2.13,59100,2.13,"2017-06-16"
2.2,2.2,2.1,2.15,4355,2.15,"2017-06-19"
2.13,2.17,2.06,2.09,18555,2.09,"2017-06-20"
2.13,2.19,2.11,2.15,34627,2.15,"2017-06-21"
2.14,2.19,2.12,2.15,5577,2.15,"2017-06-22"
2.14,2.25,2.12,2.22,26020,2.22,"2017-06-23"
2.19,2.29,2.19,2.27,16980,2.27,"2017-06-26"
2.29,2.33,2.2308,2.29,20145,2.29,"2017-06-27"
2.35,2.4,2.26,2.3,22561,2.3,"2017-06-28"
2.33,2.33,2.24,2.29,6000,2.29,"2017-06-29"
2.25,2.36,2.2266,2.33,5368,2.33,"2017-06-30"
2.32,2.38,2.28,2.28,11835,2.28,"2017-07-03"
2.36,2.36,2.22,2.29,10170,2.29,"2017-07-05"
2.27,2.32,2.15,2.17,19635,2.17,"2017-07-06"
2.18,2.19,2.11,2.16,8084,2.16,"2017-07-07"
2.1351,2.17,2.11,2.17,2349,2.17,"2017-07-10"
2.16,2.34,2.13,2.24,17565,2.24,"2017-07-11"
2.25,2.3,2.17,2.3,7247,2.3,"2017-07-12"
2.25,2.25,2.1135,2.2,4709,2.2,"2017-07-13"
2.19,2.3,2.18,2.19,9853,2.19,"2017-07-14"
2.2,2.24,2.19,2.19,5807,2.19,"2017-07-17"
2.19,2.28,2.19,2.28,6882,2.28,"2017-07-18"
2.25,2.3,2.19,2.24,8339,2.24,"2017-07-19"
2.26,2.27,2.18,2.2158,11861,2.2158,"2017-07-20"
2.23,2.3,2.18,2.3,12197,2.3,"2017-07-21"
2.25,2.26,2.16,2.16,15617,2.16,"2017-07-24"
2.2,2.2,2.1,2.1,6223,2.1,"2017-07-25"
2.12,2.2,2.11,2.2,4129,2.2,"2017-07-26"
2.22,2.22,2.13,2.14,9935,2.14,"2017-07-27"
2.14,2.1908,2.14,2.14,16248,2.14,"2017-07-28"
2.18,2.18,2.12,2.15,4391,2.15,"2017-07-31"
2.1472,2.18,2.11,2.13,20046,2.13,"2017-08-01"
2.1432,2.15,2.14,2.15,570,2.15,"2017-08-02"
2.12,2.2,2.11,2.11,12685,2.11,"2017-08-03"
2.15,2.2,2.1,2.11,16075,2.11,"2017-08-04"
2.17,2.2,2.07,2.2,15531,2.2,"2017-08-07"
2.1,2.2,2.05,2.2,8021,2.2,"2017-08-08"
2.18,2.3,2.1731,2.29,19470,2.29,"2017-08-09"
2.24,2.3,2.21,2.21,3036,2.21,"2017-08-10"
2.22,2.265,2.18,2.2233,7181,2.2233,"2017-08-11"
2.237,2.29,2.16,2.16,25861,2.16,"2017-08-14"
2.26,2.26,2.16,2.2,15989,2.2,"2017-08-15"
2.17,2.19,2.161,2.19,469,2.19,"2017-08-16"
2.19,2.2408,2.1,2.11,5242,2.11,"2017-08-17"
2.11,2.173,2.1,2.14,6443,2.14,"2017-08-18"
2.14,2.17,2.05,2.08,18821,2.08,"2017-08-21"
2.08,2.1154,2.08,2.11,2589,2.11,"2017-08-22"
2.11,2.11,2.03,2.04,3920,2.04,"2017-08-23"
1.99,2.05,1.95,2.02,9827,2.02,"2017-08-24"
2,2.02,1.75,1.92,32183,1.92,"2017-08-25"
1.969,1.969,1.82,1.89,7474,1.89,"2017-08-28"
1.78,1.88,1.77,1.8782,5223,1.8782,"2017-08-29"
1.88,1.93,1.88,1.88,3277,1.88,"2017-08-30"
1.89,1.93,1.85,1.85,847,1.85,"2017-08-31"
1.91,1.91,1.86,1.88,2333,1.88,"2017-09-01"
1.89,1.9,1.72,1.72,3895,1.72,"2017-09-05"
2.98,3.73,2.91,3.2011,4891949,3.2011,"2017-09-06"
3.29,3.42,3.07,3.25,1605566,3.25,"2017-09-07"
3.2,3.59,3.2,3.43,529381,3.43,"2017-09-08"
3.4,3.65,3.4,3.6,172469,3.6,"2017-09-11"
3.6,3.72,3.5,3.52,157081,3.52,"2017-09-12"
3.6,3.8,3.568,3.67,70731,3.67,"2017-09-13"
3.64,3.7825,3.64,3.68,55592,3.68,"2017-09-14"
3.66,3.85,3.61,3.66,60907,3.66,"2017-09-15"
3.65,3.85,3.65,3.72,52043,3.72,"2017-09-18"
3.76,3.84,3.6994,3.74,106605,3.74,"2017-09-19"
3.75,3.9,3.72,3.74,86193,3.74,"2017-09-20"
3.72,3.85,3.72,3.73,56327,3.73,"2017-09-21"
3.74,3.75,3.72,3.73,47850,3.73,"2017-09-22"
3.74,3.85,3.68,3.84,82076,3.84,"2017-09-25"
3.75,3.84,3.71,3.71,41165,3.71,"2017-09-26"
3.8,3.8,3.71,3.74,13429,3.74,"2017-09-27"
3.73,3.78,3.69,3.7,32808,3.7,"2017-09-28"
3.66,3.77,3.65,3.65,9491,3.65,"2017-09-29"
3.7,3.72,3.51,3.6227,29838,3.6227,"2017-10-02"
3.655,3.72,3.56,3.57,51200,3.57,"2017-10-03"
3.55,3.7,3.55,3.64,19819,3.64,"2017-10-04"
3.62,3.7,3.59,3.7,18014,3.7,"2017-10-05"
3.73,3.73,3.67,3.7,24821,3.7,"2017-10-06"
3.6685,3.7,3.6685,3.67,9401,3.67,"2017-10-09"
3.69,3.7,3.67,3.69,3159,3.69,"2017-10-10"
3.6577,3.72,3.65,3.7,7802,3.7,"2017-10-11"
3.74,3.74,3.685,3.71,4322,3.71,"2017-10-12"
3.7,3.84,3.66,3.71,70542,3.71,"2017-10-13"
3.75,3.75,3.51,3.6,14378,3.6,"2017-10-16"
3.54,3.75,3.54,3.75,43026,3.75,"2017-10-17"
3.75,3.78,3.71,3.71,4130,3.71,"2017-10-18"
3.71,3.7787,3.71,3.76,2272,3.76,"2017-10-19"
3.79,3.79,3.7578,3.76,3944,3.76,"2017-10-20"
3.75,3.77,3.7,3.7,2228,3.7,"2017-10-23"
3.69,3.76,3.63,3.74,12949,3.74,"2017-10-24"
3.71,3.7351,3.67,3.7,20624,3.7,"2017-10-25"
3.6576,3.74,3.6576,3.73,6219,3.73,"2017-10-26"
3.705,3.75,3.66,3.71,6648,3.71,"2017-10-27"
3.7325,3.7475,3.711,3.7475,13417,3.7475,"2017-10-30"
3.7634,3.77,3.75,3.77,1690,3.77,"2017-10-31"
3.7539,3.77,3.74,3.77,4437,3.77,"2017-11-01"
3.7589,3.77,3.74,3.76,1194,3.76,"2017-11-02"
3.74,3.75,3.7,3.75,2371,3.75,"2017-11-03"
3.68,3.7436,3.68,3.74,8913,3.74,"2017-11-06"
3.69,3.7499,3.67,3.67,15629,3.67,"2017-11-07"
3.65,3.73,3.65,3.72,26892,3.72,"2017-11-08"
3.66,3.75,3.66,3.74,11710,3.74,"2017-11-09"
3.71,3.77,3.71,3.74,6916,3.74,"2017-11-10"
3.74,3.76,3.74,3.75,7174,3.75,"2017-11-13"
3.7163,3.75,3.7163,3.72,9466,3.72,"2017-11-14"
3.715,3.73,3.69,3.7,24812,3.7,"2017-11-15"
3.66,3.74,3.66,3.74,5498,3.74,"2017-11-16"
3.74,3.8,3.72,3.75,16349,3.75,"2017-11-17"
3.75,3.7504,3.72,3.72,5620,3.72,"2017-11-20"
3.72,3.76,3.72,3.72,7694,3.72,"2017-11-21"
3.75,3.98,3.75,3.89,111560,3.89,"2017-11-22"
3.94,3.98,3.85,3.87,7349,3.87,"2017-11-24"
3.93,3.93,3.72,3.84,34865,3.84,"2017-11-27"
3.77,3.825,3.76,3.76,7657,3.76,"2017-11-28"
3.77,3.78,3.7,3.77,24768,3.77,"2017-11-29"
3.83,3.83,3.72,3.74,16689,3.74,"2017-11-30"
3.73,3.765,3.7,3.73,21171,3.73,"2017-12-01"
3.71,3.74,3.69,3.71,19164,3.71,"2017-12-04"
3.705,3.73,3.7,3.72,11858,3.72,"2017-12-05"
3.7357,3.7357,3.72,3.72,16538,3.72,"2017-12-06"
3.72,3.74,3.65,3.72,11939,3.72,"2017-12-07"
3.72,3.74,3.72,3.72,8800,3.72,"2017-12-08"
3.73,3.75,3.72,3.72,12972,3.72,"2017-12-11"
3.712,3.75,3.712,3.74,1034,3.74,"2017-12-12"
3.74,3.77,3.74,3.77,892,3.77,"2017-12-13"
3.78,3.98,3.77,3.96,9191,3.96,"2017-12-14"
3.99,3.99,3.9141,3.97,14600,3.97,"2017-12-15"
3.98,4.0474,3.95,3.95,9763,3.95,"2017-12-18"
3.9768,3.98,3.935,3.935,1474,3.935,"2017-12-19"
3.88,3.92,3.88,3.92,4180,3.92,"2017-12-20"
3.88,3.94,3.67,3.73,20138,3.73,"2017-12-21"
3.812,3.83,3.7125,3.83,4572,3.83,"2017-12-22"
3.81,3.84,3.7,3.82,14181,3.82,"2017-12-26"
3.81,3.86,3.81,3.86,6218,3.86,"2017-12-27"
3.855,3.9,3.84,3.87,1224,3.87,"2017-12-28"
3.82,3.88,3.82,3.88,3154,3.88,"2017-12-29"
3.92,3.92,3.82,3.82,1455,3.82,"2018-01-02"
3.83,3.85,3.83,3.85,3285,3.85,"2018-01-03"
3.825,3.85,3.7125,3.79,105576,3.79,"2018-01-04"
3.97,4,3.9157,3.95,8529,3.95,"2018-01-05"
3.85,3.85,3.82,3.82,777,3.82,"2018-01-08"
3.82,3.95,3.73,3.77,38690,3.77,"2018-01-09"
3.829,3.829,3.7979,3.8,8169,3.8,"2018-01-10"
3.84,3.89,3.8,3.82,5914,3.82,"2018-01-11"
3.96,4.01,3.96,3.98,116710,3.98,"2018-01-12"
3.99,4.03,3.985,4.03,194122,4.03,"2018-01-16"
4,4,3.92,3.99,188445,3.99,"2018-01-17"
4,4.04,3.99,4.03,63986,4.03,"2018-01-18"
4.04,4.0853,4.04,4.04,127972,4.04,"2018-01-19"
4.06,4.08,4.04,4.05,247913,4.05,"2018-01-22"
4.05,4.06,4.0498,4.05,58028,4.05,"2018-01-23"
4.05,4.07,4.0399,4.05,58799,4.05,"2018-01-24"
4.05,4.07,4.0499,4.05,331410,4.05,"2018-01-25"
4.05,4.06,4.04,4.04,172536,4.04,"2018-01-26"
4.04,4.05,4.04,4.05,49869,4.05,"2018-01-29"
4.0301,4.05,4.0301,4.05,6317,4.05,"2018-01-30"
4.04,4.05,4.03,4.05,4435,4.05,"2018-01-31"
4.0353,4.04,4.035,4.04,4269,4.04,"2018-02-01"
4.03,4.05,4.03,4.05,4220,4.05,"2018-02-02"
4.05,4.05,4.03,4.03,4480,4.03,"2018-02-05"
4.03,4.04,3.995,4.01,61639,4.01,"2018-02-06"
4,4.03,4,4.03,943,4.03,"2018-02-07"
4.02,4.03,3.98,4.03,27959,4.03,"2018-02-08"
4.04,4.04,4.01,4.02,2784,4.02,"2018-02-09"
4.04,4.04,4.02,4.02,15155,4.02,"2018-02-12"
4.04,4.04,4.0301,4.04,3890,4.04,"2018-02-13"
4.04,4.04,4.0313,4.0383,3129,4.0383,"2018-02-14"
4.04,4.04,4.03,4.04,3154,4.04,"2018-02-15"
4.035,4.04,4.03,4.04,872,4.04,"2018-02-16"
4.04,4.04,4.02,4.03,105161,4.03,"2018-02-20"
4.0301,4.04,4.0301,4.04,7153,4.04,"2018-02-21"
4.04,4.09,4.03,4.07,48818,4.07,"2018-02-22"
4.06,4.06,4.02,4.03,59846,4.03,"2018-02-23"
4.03,4.04,4.02,4.02,37131,4.02,"2018-02-26"
4.03,4.039,4.02,4.03,12055,4.03,"2018-02-27"
4.0151,4.03,4.01,4.03,14281,4.03,"2018-02-28"
4.04,4.04,4.03,4.03,1498,4.03,"2018-03-01"
4.03,4.04,4.03,4.04,4663,4.04,"2018-03-02"
4.0301,4.04,4.0301,4.04,3595,4.04,"2018-03-05"
4.04,4.04,4.03,4.03,13313,4.03,"2018-03-06"
4.04,4.04,4.03,4.03,8019,4.03,"2018-03-07"
4.0363,4.04,4.0363,4.04,8878,4.04,"2018-03-08"
4.04,4.04,4.03,4.03,32880,4.03,"2018-03-09"
4.05,4.05,4.0489,4.0493,884,4.0493,"2018-03-12"
4.04,4.04,4.03,4.03,26087,4.03,"2018-03-13"
4.031,4.05,4.03,4.05,17493,4.05,"2018-03-14"
4.05,4.08,4.05,4.05,920,4.05,"2018-03-15"
4.09,4.09,4.07,4.07,445,4.07,"2018-03-16"
4.05,4.065,4.05,4.065,5961,4.065,"2018-03-19"
4.06,4.07,4.0599,4.07,2724,4.07,"2018-03-20"
4.0614,4.07,4.0614,4.07,1045,4.07,"2018-03-21"
4.06,4.08,4.06,4.06,10410,4.06,"2018-03-22"
4.06,4.07,4.05,4.06,9955,4.06,"2018-03-23"
4.07,4.07,4.05,4.05,352,4.05,"2018-03-26"
4.05,4.06,4.04,4.05,14754,4.05,"2018-03-27"
4.0502,4.06,4.04,4.05,1072,4.05,"2018-03-28"
4.06,4.06,4.0586,4.0589,1006,4.0589,"2018-03-29"
4.04,4.06,4.04,4.04,16909,4.04,"2018-04-02"
4.06,4.06,4.04,4.04,846,4.04,"2018-04-03"
4.04,4.06,4.04,4.06,535,4.06,"2018-04-04"
4.05,4.05,4.04,4.05,37231,4.05,"2018-04-05"
4.05,4.05,4.04,4.05,8958,4.05,"2018-04-06"
4.08,4.08,4.0507,4.06,5445,4.06,"2018-04-09"
4.05,4.053,4.05,4.053,7849,4.053,"2018-04-10"
4.04,4.07,4.0392,4.0499,27119,4.0499,"2018-04-11"
4.07,4.07,4.0501,4.06,438,4.06,"2018-04-12"
4.07,4.07,4.04,4.05,3415,4.05,"2018-04-13"
4.06,4.07,4.06,4.07,15310,4.07,"2018-04-16"
4.07,4.07,4.055,4.07,1995,4.07,"2018-04-17"
4.06,4.06,4.05,4.05,582,4.05,"2018-04-18"
4.06,4.06,4.05,4.06,3619,4.06,"2018-04-19"
4.06,4.06,4.05,4.06,8662,4.06,"2018-04-20"
4.06,4.06,4.05,4.06,1714,4.06,"2018-04-23"
4.06,4.08,4.05,4.08,4375,4.08,"2018-04-24"
4.07,4.09,4.05,4.07,2225,4.07,"2018-04-25"
4.07,4.07,4.05,4.05,2151,4.05,"2018-04-26"
4.07,4.08,4.0508,4.07,3002,4.07,"2018-04-27"
4.08,4.08,4.06,4.07,1656,4.07,"2018-04-30"
4.07,4.08,4.0568,4.08,12200,4.08,"2018-05-01"
4.07,4.08,4.06,4.06,13270,4.06,"2018-05-02"
4.09,4.09,4.08,4.08,13610,4.08,"2018-05-03"
4.08,4.08,4.06,4.06,1557,4.06,"2018-05-04"
4.06,4.08,4.02,4.02,77233,4.02,"2018-05-07"
4.02,4.08,4.01,4.07,13230,4.07,"2018-05-08"
4.08,4.09,4.0719,4.0719,1762,4.0719,"2018-05-09"
4.0533,4.09,4.0533,4.09,3524,4.09,"2018-05-10"
4.09,4.09,4.09,4.09,0,4.09,"2018-05-11"
4.09,4.09,4.06,4.06,310,4.06,"2018-05-14"
4.0407,4.0717,4.01,4.06,35725,4.06,"2018-05-15"
4.08,4.08,4.06,4.06,927,4.06,"2018-05-16"
4.08,4.1177,4.08,4.09,22099,4.09,"2018-05-17"
4.1,4.1001,4.09,4.09,9636,4.09,"2018-05-18"
4.09,4.09,4.09,4.09,0,4.09,"2018-05-21"
4.09,4.09,4.09,4.09,0,4.09,"2018-05-22"
4.09,4.09,4.09,4.09,0,4.09,"2018-05-23"
4.09,4.09,4.09,4.09,0,4.09,"2018-05-24"
4.09,4.09,4.09,4.09,0,4.09,"2018-05-25"
